<?xml version="1.0" encoding="UTF-8"?>
<!DOCTYPE mapper PUBLIC "-//mybatis.org//DTD Mapper 3.0//EN" "http://mybatis.org/dtd/mybatis-3-mapper.dtd">

<mapper namespace="com.bitc.mapper.RestBoardMapper">
	<select id="selectBoardList" resultType="com.bitc.dto.RestBoardDto">
		<![CDATA[
			SELECT
				idx, title, creator_id, hit_cnt,
				DATE_FORMAT(created_date, '%Y.%m.%d %H:%i:%s') AS created_date
			FROM
				t_board
			WHERE
				deleted_yn = 'N'
			ORDER BY
				idx DESC
		]]>
	</select>
	
	<insert id="insertBoard" parameterType="com.bitc.dto.RestBoardDto">
		<![CDATA[
			INSERT INTO t_board
				(title, contents, created_date, creator_id)
			VALUES
				(#{title}, #{contents}, NOW(), #{creatorId})
		]]>
	</insert>
	
	<select id="selectBoardDetail" parameterType="int" resultType="com.bitc.dto.RestBoardDto">
		<![CDATA[
			SELECT
				idx, title, contents, creator_id, update_id, hit_cnt,
				DATE_FORMAT(created_date, '%Y.%m.%d %H:%i:%s') AS created_date,
				DATE_FORMAT(updated_date, '%Y.%m.%d %H:%i:%s') AS updated_date
			FROM
				t_board
			WHERE
				idx = #{idx}
		]]>
	</select>
	
	<update id="deleteBoard" parameterType="int">
		<![CDATA[
			UPDATE
				t_board
			SET
				deleted_yn = 'Y'
			WHERE
				idx = #{idx}
		]]>
	</update>
</mapper>


















