<?xml version="1.0" encoding="UTF-8"?>
<!DOCTYPE mapper PUBLIC "-//mybatis.org//DTD Mapper 3.0//EN" "http://mybatis.org/dtd/mybatis-3-mapper.dtd">

<mapper namespace="com.bitc.java404.mapper.LoginMapper">

	<select id="getUserInfo" parameterType="com.bitc.java404.dto.UserDto" resultType="int">
		<![CDATA[
			SELECT
				COUNT(user_id) AS cnt
			FROM
				user
			WHERE
				user_id = #{userId}
			AND
				user_pw = #{userPw}
		]]>
	</select>
	
	<select id="getUser" parameterType="com.bitc.java404.dto.UserDto" resultType="com.bitc.java404.dto.UserDto">
		<![CDATA[
			SELECT
				user_id, user_pw, user_email
			FROM
				user
			WHERE
				user_id = #{userId}
			AND
				user_pw = #{userPw}
		]]>
	</select>
	
	<select id="getUserInfoYn" parameterType="String" resultType="int">
		<![CDATA[
			SELECT
				COUNT(user_id) AS cnt
			FROM
				user
			WHERE
				user_id = #{userId}
		]]>
	</select>
	
	<insert id="insertUser" parameterType="com.bitc.java404.dto.UserDto">
		<![CDATA[
			INSERT INTO 
				user (user_id, user_pw, user_email)
			VALUES
				(#{userId}, #{userPw}, #{userEmail})
		]]>
	</insert>
</mapper>


















